<ComponentDescriptor>
  <Name>VMware.VimAutomation.Vds.Commands</Name>
  <Assembly>VMware.VimAutomation.Vds.Commands</Assembly>
  <ImplementingType>VMware.VimAutomation.Vds.Commands.VDCommandsComponentImpl</ImplementingType>
  <IsSnapin>true</IsSnapin>
  <ProvidedServiceList>
  </ProvidedServiceList>
  <RequiredServiceList>
    <ServiceDescriptor>
      <Name>ViCoreService</Name>
      <Version>1.0</Version>
    </ServiceDescriptor>
    <ServiceDescriptor>
      <Name>VDCoreService</Name>
      <Version>1.0</Version>
    </ServiceDescriptor>
  </RequiredServiceList>
  <ExtendedServiceList>
  </ExtendedServiceList>
  <Version>
    <Major>1</Major>
    <Minor>21</Minor>
    <Revision>0</Revision>
    <Build>4630309</Build>
    <Company>VMware Inc.</Company>
    <Copyright>Copyright 2016</Copyright>
    <UserFriendlyVersion>VMware VDS PowerCLI Component 1.21 build 4630309</UserFriendlyVersion>
    <Description>Provides cmdlets for managing VMware Virtual Distributed Swtiches.</Description>
  </Version>
</ComponentDescriptor>